languagerepresentation, length, time, datastructure, normtime
C++-BitString, 4096, 58.858, BitString, 0.45847532928634
C++-BitString, 512, 7.47594, BitString, 0.465148099548289
C++-BitString, 64, 0.973914, BitString, 0.466291776372232
C++-BitString, 128, 1.91343, BitString, 0.474193131767627
C++-BitString, 8192, 117.86, BitString, 0.452353269454708
C++-BitString, 1024, 14.8943, BitString, 0.468611801360764
C++-BitString, 32, 0.507671, BitString, 0.46801473636085
C++-BitString, 2048, 29.8744, BitString, 0.462202233681952
C++-BitString, 32768, 469.746, BitString, 0.439156299003938
C++-BitString, 16, 0.27911, BitString, 0.374972349802781
C++-BitString, 16384, 236.469, BitString, 0.445040109395691
C++-BitString, 256, 3.73445, BitString, 0.45581398271949
Java-BitSet, 512, 0.017044779, BitSet, 0.00106051500668419
Java-BitSet, 4096, 0.030648571, BitSet, 0.000238737532389493
Java-BitSet, 64, 0.007040646, BitSet, 0.0033709293943285
Java-BitSet, 128, 0.011196423, BitSet, 0.00277473797680871
Java-BitSet, 8192, 0.046580861, BitSet, 0.000178779948815249
Java-BitSet, 32, 0.006734073, BitSet, 0.006208046943256
Java-BitSet, 1024, 0.009845389, BitSet, 0.000309760477121278
Java-BitSet, 2048, 0.01462831, BitSet, 0.00022632212051094
Java-BitSet, 32768, 0.15565695, BitSet, 0.000145520621945139
Java-BitSet, 16, 0.019414981, BitSet, 0.0260831967573585
Java-BitSet, 16384, 0.082599738, BitSet, 0.000155454611114249
Java-BitSet, 256, 0.015372861, BitSet, 0.00187635796387771
C-BitString, 128, 0.129805, BitString, 0.0321687438103807
C-BitString, 64, 0.065305, BitString, 0.0312668104740137
C-BitString, 4096, 4.240845, BitString, 0.033034129733041
C-BitString, 512, 0.518837, BitString, 0.0322816989603095
C-BitString, 32, 0.033206, BitString, 0.0306121431706723
C-BitString, 8192, 8.438042, BitString, 0.0323856769599197
C-BitString, 1024, 1.035489, BitString, 0.0325790648489191
C-BitString, 16, 0.023034, BitString, 0.0309451940287243
C-BitString, 32768, 33.249835, BitString, 0.0310846169655338
C-BitString, 2048, 2.108138, BitString, 0.0326160891100676
C-BitString, 256, 0.259115, BitString, 0.0316266759850475
C-BitString, 16384, 16.643888, BitString, 0.0313241809128876
Scala-BitVector, 16384, 144.688775524, BitVector, 0.272307611092911
Scala-BitVector, 256, 2.42401833, BitVector, 0.295867249309094
Scala-BitVector, 2048, 18.344673342, BitVector, 0.283819892444305
Scala-BitVector, 16, 0.27609606, BitVector, 0.370923250293753
Scala-BitVector, 32768, 290.245904784, BitVector, 0.271345189412983
Scala-BitVector, 1024, 9.148627659, BitVector, 0.287838628687679
Scala-BitVector, 8192, 72.447136535, BitVector, 0.27805616048056
Scala-BitVector, 32, 0.37891259, BitVector, 0.349314173771314
Scala-BitVector, 128, 1.273745151, BitVector, 0.315664122662715
Scala-BitVector, 4096, 36.445573232, BitVector, 0.283893373688719
Scala-BitVector, 512, 4.659423727, BitVector, 0.289906298285468
Scala-BitVector, 64, 0.720946991, BitVector, 0.345175911942538
node-BitString, 4096, 0.157262506, BitString, 0.00122499879749133
node-BitString, 512, 0.15672511, BitString, 0.0097513338881795
node-BitString, 64, 0.157618616, BitString, 0.0754648402671824
node-BitString, 128, 0.156915225, BitString, 0.0388872976616714
node-BitString, 1024, 0.156460626, BitString, 0.00492264126490622
node-BitString, 8192, 0.157161797, BitString, 0.000603195763671535
node-BitString, 32, 0.157202745, BitString, 0.14492299393973
node-BitString, 32768, 0.168783221, BitString, 0.000157792114607307
node-BitString, 16, 0.160806589, BitString, 0.216036775970406
node-BitString, 2048, 0.157259448, BitString, 0.00243304194002861
node-BitString, 256, 0.157834305, BitString, 0.0192647064954177
node-BitString, 16384, 0.160300963, BitString, 0.000301690107835507
python-bitstring, 512, 0.187854, bitstring, 0.0116881530740675
python-bitstring, 4096, 0.38871, bitstring, 0.00302786274163059
python-bitstring, 64, 0.185287, bitstring, 0.0887119441436119
python-bitstring, 128, 0.184696, bitstring, 0.0457720296352381
python-bitstring, 32, 0.187645, bitstring, 0.172987279565765
python-bitstring, 8192, 0.318437, bitstring, 0.00122217900954818
python-bitstring, 1024, 0.188472, bitstring, 0.00592979887783017
python-bitstring, 32768, 5.511306, bitstring, 0.00515241161316584
python-bitstring, 16, 0.191942, bitstring, 0.257865869248129
python-bitstring, 2048, 0.201052, bitstring, 0.00311057907393031
python-bitstring, 256, 0.189651, bitstring, 0.0231481416638954
python-bitstring, 16384, 0.858042, bitstring, 0.00161485482471739
lua-BitString, 256, 0.227511, BitString, 0.0277692016287523
lua-BitString, 16384, 1.024463, BitString, 0.00192806298327408
lua-BitString, 32768, 1.94307, BitString, 0.00181653793732269
lua-BitString, 16, 0.138472, BitString, 0.18603121071223
lua-BitString, 2048, 0.345132, BitString, 0.00533971498390325
lua-BitString, 8192, 0.628303, BitString, 0.00241146204189887
lua-BitString, 32, 0.153188, BitString, 0.141221857135125
lua-BitString, 1024, 0.287016, BitString, 0.009030238734238
lua-BitString, 128, 0.195775, BitString, 0.0485176674201863
lua-BitString, 4096, 0.443664, BitString, 0.00345592780068121
lua-BitString, 64, 0.189082, BitString, 0.0905289190421478
lua-BitString, 512, 0.260409, BitString, 0.0162024777426344
perlsimple-BitString, 16, 0.093017, BitString, 0.124964361941905
perlsimple-BitString, 32768, 0.452528, BitString, 0.000423059529353426
perlsimple-BitString, 2048, 0.116048, BitString, 0.00179543839589492
perlsimple-BitString, 256, 0.10122, BitString, 0.0123545612689598
perlsimple-BitString, 16384, 0.275157, BitString, 0.000517851817282562
perlsimple-BitString, 4096, 0.135422, BitString, 0.00105487182783334
perlsimple-BitString, 512, 0.106117, BitString, 0.00660253036805617
perlsimple-BitString, 64, 0.093369, BitString, 0.0447033278791545
perlsimple-BitString, 128, 0.096936, BitString, 0.0240230295443401
perlsimple-BitString, 32, 0.09311, BitString, 0.0858367960796633
perlsimple-BitString, 8192, 0.180865, BitString, 0.000694169982011927
perlsimple-BitString, 1024, 0.113045, BitString, 0.00355667745948635
perl5.20-BitString, 16384, 0.395068, BitString, 0.000743527083629299
perl5.20-BitString, 256, 0.09943, BitString, 0.012136080092597
perl5.20-BitString, 2048, 0.132514, BitString, 0.0020501923651732
perl5.20-BitString, 32768, 0.70701, BitString, 0.000660969747392792
perl5.20-BitString, 16, 0.090559, BitString, 0.12166214404998
perl5.20-BitString, 32, 0.091816, BitString, 0.0846438757260269
perl5.20-BitString, 8192, 0.238537, BitString, 0.000915518342405546
perl5.20-BitString, 1024, 0.105078, BitString, 0.00330601578210365
perl5.20-BitString, 128, 0.096617, BitString, 0.0239439738124691
perl5.20-BitString, 512, 0.101426, BitString, 0.00631065941470702
perl5.20-BitString, 4096, 0.164535, BitString, 0.00128164800543899
perl5.20-BitString, 64, 0.092669, BitString, 0.0443681809940491
Scala-BitString, 4096, 128.377681939, BitString, 1
Scala-BitString, 64, 2.088636449, BitString, 1
Scala-BitString, 512, 16.072171438, BitString, 1
Scala-BitString, 128, 4.035128035, BitString, 1
Scala-BitString, 8192, 260.548575546, BitString, 1
Scala-BitString, 1024, 31.783877309, BitString, 1
Scala-BitString, 32, 1.084732938, BitString, 1
Scala-BitString, 2048, 64.634910485, BitString, 1
Scala-BitString, 32768, 1069.655612513, BitString, 1
Scala-BitString, 16, 0.744348217, BitString, 1
Scala-BitString, 16384, 531.343119435, BitString, 1
Scala-BitString, 256, 8.192925495, BitString, 1
PHP-bitstring, 256, 0.086251974105835, bitstring, 0.0105276160705322
PHP-bitstring, 16384, 0.24688696861267, bitstring, 0.000464646966493507
PHP-bitstring, 16, 0.084987878799438, bitstring, 0.114177580947222
PHP-bitstring, 32768, 0.42579698562622, bitstring, 0.000398069229614822
PHP-bitstring, 2048, 0.10781407356262, bitstring, 0.00166804707786577
PHP-bitstring, 8192, 0.16549801826477, bitstring, 0.000635190646956929
PHP-bitstring, 1024, 0.099147796630859, bitstring, 0.00311943680335011
PHP-bitstring, 32, 0.083945989608765, bitstring, 0.0773886241193544
PHP-bitstring, 4096, 0.12345600128174, bitstring, 0.000961662490061173
PHP-bitstring, 64, 0.084114074707031, bitstring, 0.0402722430451232
PHP-bitstring, 512, 0.088663101196289, bitstring, 0.00551656019463927
PHP-bitstring, 128, 0.084746122360229, bitstring, 0.0210020900514571
Go-BitVector, 16384, 0.07555872100000001, BitVector, 0.000142203254801426
Go-BitVector, 256, 0.014078094000000001, BitVector, 0.00171832320562315
Go-BitVector, 2048, 0.026558237000000002, BitVector, 0.000410896167422765
Go-BitVector, 16, 0.015532242000000002, BitVector, 0.0208669029430885
Go-BitVector, 32768, 0.16751343400000002, BitVector, 0.000156605015708235
Go-BitVector, 32, 0.014625984000000002, BitVector, 0.013483488412334
Go-BitVector, 8192, 0.04791809, BitVector, 0.000183912308480612
Go-BitVector, 1024, 0.022101227, BitVector, 0.000695359687716318
Go-BitVector, 4096, 0.033975186000000004, BitVector, 0.000264650252963312
Go-BitVector, 512, 0.017468593, BitVector, 0.00108688443670395
Go-BitVector, 64, 0.013534206, BitVector, 0.00647992426182159
Go-BitVector, 128, 0.013526338, BitVector, 0.00335214592515402
julia-BitString, 1024, 1.155466079711914, BitString, 0.0363538428140336
julia-BitString, 8192, 2.638934850692749, BitString, 0.0101283794976144
julia-BitString, 32, 1.022557020187378, BitString, 0.942680898095286
julia-BitString, 4096, 1.8243751525878906, BitString, 0.0142109993344074
julia-BitString, 512, 1.0296671390533447, BitString, 0.0640652162668491
julia-BitString, 64, 1.0162079334259033, BitString, 0.486541319295871
julia-BitString, 128, 1.014193058013916, BitString, 0.251340985767238
julia-BitString, 256, 1.0335490703582764, BitString, 0.12615140598911
julia-BitString, 16384, 4.075515031814575, BitString, 0.00767021324403005
julia-BitString, 32768, 6.779500961303711, BitString, 0.00633802214656385
julia-BitString, 16, 1.0098631381988525, BitString, 1.3567079427811
julia-BitString, 2048, 1.4064691066741943, BitString, 0.0217602081618199
